entropy,variance,edge_density,cc_b,cc_g,cc_r,edge_noise,edge_entropy,is_adv
6.515840952195297,659.1243953603082,7.889660493827161,41.42980845035635,39.48726712073366,19.082924428909987,95.35452322738386,0.3982793264729376,0
6.515840952195297,659.1243953603082,7.889660493827161,41.42980845035635,39.48726712073366,19.082924428909987,95.35452322738386,0.3982793264729376,0
6.515840952195297,659.1243953603082,7.889660493827161,41.42980845035635,39.48726712073366,19.082924428909987,95.35452322738386,0.3982793264729376,0
